cycle,race,state,candidates,endorsements
2018,House,California,Jared Huffman (D),Organizations
2018,House,California,Jared Huffman (D),J Street PAC[13]
2018,House,California,John Garamendi (D),Organizations
2018,House,California,John Garamendi (D),J Street PAC[13]
2018,House,California,Jessica Morse (D) won primary,State officials
2018,House,California,Jessica Morse (D) won primary,"Gavin Newsom, Lt Governor of California and 2018 gubernatorial nominee[14]"
2018,House,California,Roza Calderon (D),Local-level officials
2018,House,California,Roza Calderon (D),"Gayle McLaughlin (Independent), former Mayor of Richmond[15]"
2018,House,California,Roza Calderon (D),Organizations
2018,House,California,Roza Calderon (D),Justice Democrats[16]
2018,House,California,Roza Calderon (D),Brand New Congress[17]
2018,House,California,Jason Kishineff (G),Local-level officials
2018,House,California,Jason Kishineff (G),"Gayle McLaughlin (Independent), former Mayor of Richmond[15]"
2018,House,California,Jason Kishineff (G),Organizations
2018,House,California,Jason Kishineff (G),Peace and Freedom Party[18]
2018,House,California,hideMike Thompson (D),Organizations
2018,House,California,hideMike Thompson (D),J Street PAC[13]
2018,House,California,"Robert Christian ""Chris"" Richardson (G)",Organizations
2018,House,California,"Robert Christian ""Chris"" Richardson (G)",Peace and Freedom Party[19]
2018,House,California,Jerry McNerney (D),Organizations
2018,House,California,Jerry McNerney (D),J Street PAC[13]
2018,House,California,Josh Harder (D),Former U.S. Executive Branch officials
2018,House,California,Josh Harder (D),"Barack Obama, 44th President of the United States[20]"
2018,House,California,Josh Harder (D),Organizations
2018,House,California,Josh Harder (D),Brady Campaign to Prevent Gun Violence[21]
2018,House,California,Josh Harder (D),California Labor Federation[21]
2018,House,California,Josh Harder (D),California Teachers Association[21]
2018,House,California,Josh Harder (D),Council for a Livable World[21]
2018,House,California,Josh Harder (D),End Citizens United[21]
2018,House,California,Josh Harder (D),J Street PAC[13]
2018,House,California,Josh Harder (D),League of Conservation Voters[22]
2018,House,California,Josh Harder (D),National Education Association[21]
2018,House,California,Josh Harder (D),Sierra Club[23]
2018,House,California,Mark DeSaulnier (D),Organizations
2018,House,California,Mark DeSaulnier (D),J Street PAC[13]
2018,House,California,Nancy Pelosi (D),Organizations
2018,House,California,Nancy Pelosi (D),End Citizens United[24]
2018,House,California,Nancy Pelosi (D),League of Conservation Voters[25]
2018,House,California,Nancy Pelosi (D),Sierra Club[23]
2018,House,California,Shahid Buttar (D),Local-level officials
2018,House,California,Shahid Buttar (D),"Matt Gonzalez, former President of the San Francisco Board of Supervisors[26]"
2018,House,California,Shahid Buttar (D),"John Avalos, former member of the San Francisco Board of Supervisors[27]"
2018,House,California,Shahid Buttar (D),"Jason West, former mayor of New Paltz, New York[28]"
2018,House,California,Shahid Buttar (D),Other individuals
2018,House,California,Shahid Buttar (D),"Norman Solomon, journalist and founder of the Institute for Public Accuracy[29]"
2018,House,California,Shahid Buttar (D),"Medea Benjamin, activist and co-founder of Code Pink[30]"
2018,House,California,Shahid Buttar (D),"Trevor Timm, Executive Director of the Freedom of the Press Foundation[31]"
2018,House,California,Shahid Buttar (D),"Cindy Cohn, Executive Director of the Electronic Frontier Foundation[32]"
2018,House,California,Shahid Buttar (D),"Sascha Meinrath, founder of X-Lab[33]"
2018,House,California,Shahid Buttar (D),"Cory Doctorow, co-editor of Boing Boing[34]"
2018,House,California,Shahid Buttar (D),"Preston Picus, former candidate for California's 12th congressional district[35]"
2018,House,California,Shahid Buttar (D),"Gayle McLaughlin, candidate for Lieutenant Governor of California[36]"
2018,House,California,Shahid Buttar (D),"Linda Sarsour, co-chair of the 2017 Women's March[citation needed]"
2018,House,California,Shahid Buttar (D),Organisations
2018,House,California,Shahid Buttar (D),Veterans for Bernie Sanders[37]
2018,House,California,Shahid Buttar (D),San Francisco Bay Guardian[37]
2018,House,California,Shahid Buttar (D),Progressive Democrats of America[37]
2018,House,California,Stephen Jaffe (D),Local-level officials
2018,House,California,Stephen Jaffe (D),"Gayle McLaughlin (Independent), former Mayor of Richmond[38]"
2018,House,California,Stephen Jaffe (D),Other individuals
2018,House,California,Stephen Jaffe (D),"Tim Canova, law professor and candidate for Florida's 23rd congressional district in 2016 and 2018[39]"
2018,House,California,Stephen Jaffe (D),"Preston Picus (Independent), candidate for California's 12th congressional district in 2016[39]"
2018,House,California,Stephen Jaffe (D),"Holly Wood, writer and candidate for Pennsylvania's 10th congressional district in 2018[39]"
2018,House,California,Stephen Jaffe (D),"Jimmy Dore, comedian and political commentator[40]"
2018,House,California,Stephen Jaffe (D),Organizations
2018,House,California,Stephen Jaffe (D),Demand Universal Healthcare[41]
2018,House,California,Stephen Jaffe (D),SF Berniecrats[39]
2018,House,California,Stephen Jaffe (D),Veterans for Bernie[39]
2018,House,California,Barry Hermanson (G),Local-level officials
2018,House,California,Barry Hermanson (G),"Matt Gonzalez, former President of the San Francisco Board of Supervisors[26]"
2018,House,California,Barbara Lee (D),Organizations
2018,House,California,Barbara Lee (D),J Street PAC[13]
2018,House,California,Jackie Speier (D),Organizations
2018,House,California,Jackie Speier (D),J Street PAC[13]
2018,House,California,Eric Swalwell (D),Organizations
2018,House,California,Eric Swalwell (D),J Street PAC[13]
2018,House,California,Ro Khanna (D),Organizations
2018,House,California,Ro Khanna (D),J Street PAC[13]
2018,House,California,Anna Eshoo (D),Organizations
2018,House,California,Anna Eshoo (D),J Street PAC[13]
2018,House,California,Zoe Lofgren (D),Organizations
2018,House,California,Zoe Lofgren (D),J Street PAC[13]
2018,House,California,TJ Cox (D),Federal Officials
2018,House,California,TJ Cox (D),"Barack Obama, 44th President of the United States[20]"
2018,House,California,TJ Cox (D),U.S. Senators
2018,House,California,TJ Cox (D),"Kamala Harris, U.S. Senator from California[44]"
2018,House,California,TJ Cox (D),"Dianne Feinstein, U.S. Senator from California[44]"
2018,House,California,TJ Cox (D),U.S. Representatives
2018,House,California,TJ Cox (D),Ted Lieu (D-CA-33)[45]
2018,House,California,TJ Cox (D),State Officials
2018,House,California,TJ Cox (D),"Gavin Newsom CA Lt. Governor, former San Francisco Mayor, candidate for CA Governor[46]"
2018,House,California,TJ Cox (D),Humberto Gomez Jr.[44]
2018,House,California,TJ Cox (D),Manuel Garcia[44]
2018,House,California,TJ Cox (D),Bernice Bonillas[44]
2018,House,California,TJ Cox (D),Fran Florez[44]
2018,House,California,TJ Cox (D),Sid Palmerin[44]
2018,House,California,TJ Cox (D),Dave Jones[44]
2018,House,California,TJ Cox (D),Oscar Sablan[44]
2018,House,California,TJ Cox (D),Humberto Garza[44]
2018,House,California,TJ Cox (D),Jim Avalos[44]
2018,House,California,TJ Cox (D),Patricia Sorenson[44]
2018,House,California,TJ Cox (D),Abigail Solis[44]
2018,House,California,TJ Cox (D),Alex Padilla[44]
2018,House,California,TJ Cox (D),Jose Gurrola[44]
2018,House,California,TJ Cox (D),Gilbert Reyna[44]
2018,House,California,TJ Cox (D),Cathee Romley[44]
2018,House,California,TJ Cox (D),Mary Gonzales-Gomez[44]
2018,House,California,TJ Cox (D),Cathy Jorgensen[44]
2018,House,California,TJ Cox (D),Alfred Valdez[44]
2018,House,California,TJ Cox (D),Rey Leon[44]
2018,House,California,TJ Cox (D),Melissa Hurtado[44]
2018,House,California,TJ Cox (D),Scott Robertson[44]
2018,House,California,TJ Cox (D),Vicki Filgas Tevino[44]
2018,House,California,TJ Cox (D),Rudy Salas[44]
2018,House,California,TJ Cox (D),Art Armendariz[44]
2018,House,California,TJ Cox (D),Alex Garcia[44]
2018,House,California,TJ Cox (D),Chio Gonzalez[44]
2018,House,California,TJ Cox (D),Ray Lerma[44]
2018,House,California,TJ Cox (D),Claire Fitiausi[44]
2018,House,California,TJ Cox (D),Marcia Sablan[44]
2018,House,California,TJ Cox (D),Rolando Castro[44]
2018,House,California,TJ Cox (D),Daniel Martinez[44]
2018,House,California,TJ Cox (D),Humberto Gomez Sr.[44]
2018,House,California,TJ Cox (D),Esmeralda Soria[44]
2018,House,California,TJ Cox (D),Organizations
2018,House,California,TJ Cox (D),314 Action[44]
2018,House,California,TJ Cox (D),California Labor Federation[44]
2018,House,California,TJ Cox (D),Equality California[44]
2018,House,California,TJ Cox (D),J Street PAC[44]
2018,House,California,TJ Cox (D),League of Conservation Voters[44]
2018,House,California,TJ Cox (D),Planned Parenthood Action Fund[44]
2018,House,California,TJ Cox (D),Service Employees International Union (SEIU) California[44]
2018,House,California,TJ Cox (D),AFL–CIO[44]
2018,House,California,TJ Cox (D),American Federation of Teachers[44]
2018,House,California,TJ Cox (D),"Kern, Inyo, and Mono Counties Central Labor Council[44]"
2018,House,California,TJ Cox (D),International Brotherhood of Teamsters[44]
2018,House,California,TJ Cox (D),United Food and Commercial Workers[44]
2018,House,California,TJ Cox (D),American Association for Justice[44]
2018,House,California,TJ Cox (D),American Federation of Government Employees[44]
2018,House,California,Brian T. Carroll (ASP),Organizations
2018,House,California,Brian T. Carroll (ASP),American Solidarity Party of California[47]
2018,House,California,"Ricardo ""Rico"" Franco (D)",Local-level officials
2018,House,California,"Ricardo ""Rico"" Franco (D)","Gayle McLaughlin (Independent), former Mayor of Richmond[15]"
2018,House,California,Andrew Janz (D),Newspapers
2018,House,California,Andrew Janz (D),The Fresno Bee[48]
2018,House,California,Devin Nunes (R),U.S. Presidents
2018,House,California,Devin Nunes (R),"Donald Trump, 45th President of the United States[49]"
2018,House,California,Justin Fareed (R),"Ian Parkinson, San Luis Obispo County Sheriff[50]"
2018,House,California,Justin Fareed (R),Santa Barbara County Deputy Sheriffs' Association[51]
2018,House,California,Justin Fareed (R),San Luis Obispo Sworn Deputy Sheriff's Association[52]
2018,House,California,Justin Fareed (R),National Border Patrol Council[53]
2018,House,California,Justin Fareed (R),California Cattlemen's Association[54]
2018,House,California,Salud Carbajal (D),Organizations
2018,House,California,Salud Carbajal (D),J Street PAC[13]
2018,House,California,Katie Hill (D) won primary,Former U.S. Executive Branch officials
2018,House,California,Katie Hill (D) won primary,"Barack Obama, 44th President of the United States[20]"
2018,House,California,Katie Hill (D) won primary,State officials
2018,House,California,Katie Hill (D) won primary,"Gavin Newsom, Lt Governor of California and 2018 gubernatorial nominee[14]"
2018,House,California,Katie Hill (D) won primary,U.S. Senators
2018,House,California,Katie Hill (D) won primary,"Kamala Harris, U.S. Senator from California[55]"
2018,House,California,Katie Hill (D) won primary,"Elizabeth Warren, Senator from Massachusetts[55]"
2018,House,California,Katie Hill (D) won primary,Celebrities
2018,House,California,Katie Hill (D) won primary,"Alex Hirsch, Animator[56]"
2018,House,California,Katie Hill (D) won primary,"Daron Nefcy, Animator[56]"
2018,House,California,Katie Hill (D) won primary,"Emily Brundige, Animator[56]"
2018,House,California,Katie Hill (D) won primary,"Kirsten Lepore, Animator[56]"
2018,House,California,Katie Hill (D) won primary,Organizations
2018,House,California,Katie Hill (D) won primary,Congressional Progressive Caucus[57]
2018,House,California,Katie Hill (D) won primary,EMILY's List[55]
2018,House,California,Katie Hill (D) won primary,Equality California[55]
2018,House,California,Katie Hill (D) won primary,J Street[58]
2018,House,California,Katie Hill (D) won primary,CalArts[56]
2018,House,California,Katie Hill (D) won primary,League of Conservation Voters[59]
2018,House,California,Katie Hill (D) won primary,LGBTQ Victory Fund[60]
2018,House,California,Katie Hill (D) won primary,NARAL Pro-Choice America[55]
2018,House,California,Katie Hill (D) won primary,National Committee to Preserve Social Security and Medicare[61]
2018,House,California,Katie Hill (D) won primary,Planned Parenthood Action Fund[55]
2018,House,California,Katie Hill (D) won primary,Service Employees International Union (SEIU) California[55]
2018,House,California,Katie Hill (D) won primary,Sierra Club[55]
2018,House,California,Katie Hill (D) won primary,Stonewall Democrats[62]
2018,House,California,Jess Phoenix (D),Local-level officials
2018,House,California,Jess Phoenix (D),"Gayle McLaughlin (Independent), former Mayor of Richmond[15]"
2018,House,California,Jess Phoenix (D),U.S. Representatives
2018,House,California,Jess Phoenix (D),"Jerry McNerney, U.S. Representative (D-CA-9)[63]"
2018,House,California,Jess Phoenix (D),Celebrities
2018,House,California,Jess Phoenix (D),"Patton Oswalt, Comedian, actor, voice actor, and writer.[64]"
2018,House,California,Jess Phoenix (D),"Felicia Day, Actress, writer, singer.[65]"
2018,House,California,Jess Phoenix (D),"Tara Strong, voice actress.[66]"
2018,House,California,Jess Phoenix (D),"Piper Perabo, Film and television actress.[67]"
2018,House,California,Jess Phoenix (D),"Robert Picardo, Actor (Star Trek: Voyager), Planetary Society Board Member and host of The Planetary Post.[68]"
2018,House,California,Jess Phoenix (D),"John Billingsley, Actor (Star Trek: Enterprise), reader, activist.[69]"
2018,House,California,Jess Phoenix (D),"Wil Wheaton, Actor, blogger, voice actor and writer.[70]"
2018,House,California,Jess Phoenix (D),"Marina Sirtis, Actress, Star Trek: The Next Generation.[71]"
2018,House,California,Jess Phoenix (D),"Gates McFadden, Actress, director. Star Trek: The Next Generation.[72]"
2018,House,California,Jess Phoenix (D),Organizations
2018,House,California,Jess Phoenix (D),Our Revolution[73]
2018,House,California,Julia Brownley (D),Organizations
2018,House,California,Julia Brownley (D),J Street PAC[13]
2018,House,California,Judy Chu (D),Organizations
2018,House,California,Judy Chu (D),J Street PAC[13]
2018,House,California,Benito Benny Bernal (R),Los Angeles County Republican Party[citation needed]
2018,House,California,Benito Benny Bernal (R),Los Angeles Hispanic Republican Club[citation needed]
2018,House,California,Benito Benny Bernal (R),Golden State Coalition[74]
2018,House,California,Angelica Maria Dueñas (G),Local-level officials
2018,House,California,Angelica Maria Dueñas (G),"Gayle McLaughlin (Independent), former Mayor of Richmond[38]"
2018,House,California,Angelica Maria Dueñas (G),Organizations
2018,House,California,Angelica Maria Dueñas (G),Peace and Freedom Party[19]
2018,House,California,Jon Pelzer (D),Local-level officials
2018,House,California,Jon Pelzer (D),"Gayle McLaughlin (Independent), former Mayor of Richmond[15]"
2018,House,California,Jon Pelzer (D),Organizations
2018,House,California,Jon Pelzer (D),"Feel the Bern Democratic Club, Los Angeles[citation needed]"
2018,House,California,Pete Aguilar (D),Organizations
2018,House,California,Pete Aguilar (D),J Street PAC[13]
2018,House,California,Kenneth Mejia (G),Local-level officials
2018,House,California,Kenneth Mejia (G),"Gayle McLaughlin, Mayor of Richmond 2007–2015[15]"
2018,House,California,Kenneth Mejia (G),Individuals
2018,House,California,Kenneth Mejia (G),"Rosa Clemente, Green nominee for Vice President of the United States in 2008[75]"
2018,House,California,Kenneth Mejia (G),Organizations
2018,House,California,Kenneth Mejia (G),Americans for Democratic Action[75]
2018,House,California,Kenneth Mejia (G),Peace and Freedom Party[75]
2018,House,California,Kenneth Mejia (G),Socialist Party of California[75]
2018,House,California,Kenneth Mejia (G),The Young Turks[76]
2018,House,California,Raul Ruiz (D),Organizations
2018,House,California,Raul Ruiz (D),J Street PAC[13]
2018,House,California,Karen Bass (D),Organizations
2018,House,California,Karen Bass (D),J Street PAC[13]
2018,House,California,Ryan Downing (R),Organizations
2018,House,California,Ryan Downing (R),Republican Party of Orange County[77]
2018,House,California,Linda Sánchez (D),Organizations
2018,House,California,Linda Sánchez (D),J Street PAC[13]
2018,House,California,Gil Cisneros (D),Federal-level officials
2018,House,California,Gil Cisneros (D),"Arne Duncan, former Secretary of Education[citation needed]"
2018,House,California,Gil Cisneros (D),U.S. Representatives
2018,House,California,Gil Cisneros (D),Pete Aguilar (D-CA-31)[79]
2018,House,California,Gil Cisneros (D),Nanette Barragán (D-CA-44)[79]
2018,House,California,Gil Cisneros (D),Salud Carbajal (D-CA-24)[79]
2018,House,California,Gil Cisneros (D),Judy Chu (D-CA-27)[79]
2018,House,California,Gil Cisneros (D),Lou Correa (D-CA-46)[79]
2018,House,California,Gil Cisneros (D),Grace Napolitano (D-CA-32)[79]
2018,House,California,Gil Cisneros (D),Lucille Roybal-Allard (D-CA-40)[79]
2018,House,California,Gil Cisneros (D),Raul Ruiz (D-CA-36)[79]
2018,House,California,Gil Cisneros (D),Linda Sánchez (D-CA-38)[79]
2018,House,California,Gil Cisneros (D),"Loretta Sanchez, former Congresswoman[79]"
2018,House,California,Gil Cisneros (D),Norma Torres (D-CA-35)[79]
2018,House,California,Gil Cisneros (D),State Assembly members
2018,House,California,Gil Cisneros (D),Chris Holden (D-41)[79]
2018,House,California,Gil Cisneros (D),Sharon Quirk-Silva (D-65)[79]
2018,House,California,Gil Cisneros (D),Blanca Rubio (D-48)[79]
2018,House,California,Gil Cisneros (D),Local-level officials
2018,House,California,Gil Cisneros (D),"Manuel Baca, Mt. San Antonio College Trustee[79]"
2018,House,California,Gil Cisneros (D),"Michael Blazey, La Habra Mayor Pro Tempore[79]"
2018,House,California,Gil Cisneros (D),"Donna Freedman, Rowland Unified School District board member"
2018,House,California,Gil Cisneros (D),"Zeke Hernandez, Rancho Community College District Trustee[79]"
2018,House,California,Gil Cisneros (D),"Shay Lohman, President of Association of Rowland Educators"
2018,House,California,Gil Cisneros (D),"Jeanette Vazquez, Fullerton Elementary School District board member[79]"
2018,House,California,Gil Cisneros (D),"Jesus Silva, Fullerton City Councilman[79]"
2018,House,California,Gil Cisneros (D),Other individuals
2018,House,California,Gil Cisneros (D),"Dolores Huerta, labor organizer[79]"
2018,House,California,Gil Cisneros (D),"Eva Longoria, actress[79]"
2018,House,California,Gil Cisneros (D),"George Lopez, comedian[79]"
2018,House,California,Gil Cisneros (D),Organizations
2018,House,California,Gil Cisneros (D),BOLD PAC[79]
2018,House,California,Gil Cisneros (D),Democratic Congressional Campaign Committee[80]
2018,House,California,Gil Cisneros (D),End Citizens United[79]
2018,House,California,Gil Cisneros (D),Giffords Courage to Fight Gun Violence[79]
2018,House,California,Gil Cisneros (D),J Street PAC[citation needed]
2018,House,California,Gil Cisneros (D),League of Conservation Voters[81]
2018,House,California,Gil Cisneros (D),United Steelworkers[79]
2018,House,California,Gil Cisneros (D),Serve America PAC[79]
2018,House,California,Gil Cisneros (D),Service Employees International Union California[79]
2018,House,California,Gil Cisneros (D),Sierra Club[23]
2018,House,California,Gil Cisneros (D),Vote Vets[79]
2018,House,California,Steve Cox (NPP),Organizations
2018,House,California,Steve Cox (NPP),Candidates with a Contract[82]
2018,House,California,Bob Huff (R),Organizations
2018,House,California,Bob Huff (R),San Diego Asian Americans for Equality[83]
2018,House,California,Bob Huff (R),Silicon Valley Chinese Association[84]
2018,House,California,Sam Jammal (D),Federal-level officials
2018,House,California,Sam Jammal (D),"Cecilia Muñoz, former Director of the Obama White House Domestic Policy Council[citation needed]"
2018,House,California,Sam Jammal (D),Organizations
2018,House,California,Sam Jammal (D),Climate Hawks Vote[citation needed]
2018,House,California,Sam Jammal (D),Democracy for America[citation needed]
2018,House,California,Sam Jammal (D),International Longshore and Warehouse Union[citation needed]
2018,House,California,Sam Jammal (D),"International Longshore and Warehouse Union, Local 13[citation needed]"
2018,House,California,Sam Jammal (D),"International Longshore and Warehouse Union, Local 63[citation needed]"
2018,House,California,Sam Jammal (D),"International Longshore and Warehouse Union, Local 94[citation needed]"
2018,House,California,Sam Jammal (D),International Union of Painters and Allied Trades District Council 36[citation needed]
2018,House,California,Sam Jammal (D),Orange County Young Democrats[85][86]
2018,House,California,Young Kim (R),Federal-level officials
2018,House,California,Young Kim (R),"Rosario Marin, former U.S. Treasurer[87]"
2018,House,California,Young Kim (R),U.S. Representatives
2018,House,California,Young Kim (R),"Ed Royce, (R-CA-39)[87]"
2018,House,California,Young Kim (R),Mimi Walters (R-CA-45)[87]
2018,House,California,Young Kim (R),State Assembly members
2018,House,California,Young Kim (R),"Bob Pacheco, Former Assemblyman[87]"
2018,House,California,Young Kim (R),"Jordan Cunningham, Assemblyman[87]"
2018,House,California,Young Kim (R),"James Gallagher, Assemblyman[87]"
2018,House,California,Young Kim (R),"Tom Lackey, Assemblyman[87]"
2018,House,California,Young Kim (R),"Jim Patterson, Assemblyman[87]"
2018,House,California,Young Kim (R),"Jim Silva, Former Assemblyman/Supervisor[87]"
2018,House,California,Young Kim (R),"David Hadley, Former Assemblyman[87]"
2018,House,California,Young Kim (R),Local-level officials
2018,House,California,Young Kim (R),"Cecilia Hupp, Mayor, City of Brea[87]"
2018,House,California,Young Kim (R),"Marty Simonoff, Councilman, City of Brea[87]"
2018,House,California,Young Kim (R),"Paul Ruiz, Clerk of the Board, Brea Unified School District[87]"
2018,House,California,Young Kim (R),"Virginia Vaughn, Mayor, City of Buena Park[87]"
2018,House,California,Young Kim (R),"Patsy Marshall, Former Mayor, City of Buena Park[87]"
2018,House,California,Young Kim (R),"James Gomez, Councilman, City of La Habra[87]"
2018,House,California,Young Kim (R),"Mark Perumean, President of the Board of Directors, La Habra Heights County Water District[87]"
2018,House,California,Young Kim (R),"Michael Vo, City of Fountain Valley[87]"
2018,House,California,Young Kim (R),"Don Bankhead, Former Mayor, City of Fullerton[87]"
2018,House,California,Young Kim (R),"Pat McKinley, Former Police Chief and Councilman, City of Fullerton[87]"
2018,House,California,Young Kim (R),"Dick Jones, Former Mayor, City of Fullerton[87]"
2018,House,California,Young Kim (R),"Stephanie Klopfenstein, Councilwoman, City of Garden Grove[87]"
2018,House,California,Young Kim (R),"Chris Phan, Former Councilman, City of Garden Grove[87]"
2018,House,California,Young Kim (R),"Michele Steggell, Councilwoman, City of La Palma[87]"
2018,House,California,Young Kim (R),"Rhonda Shader, Councilwoman, City of Placentia[87]"
2018,House,California,Young Kim (R),"Peter Kim, Councilman, City of La Palma[87]"
2018,House,California,Young Kim (R),"Gerard Goedhart, Councilman, City of La Palma[87]"
2018,House,California,Young Kim (R),"Mark Waldman, Former Mayor, City of La Palma[87]"
2018,House,California,Young Kim (R),"Christine Barnes, Former Mayor, City of La Palma[87]"
2018,House,California,Young Kim (R),"Charlene Hatakeyama, Former Mayor, City of La Palma[87]"
2018,House,California,Young Kim (R),"Stacy Berry, Councilwoman, City of Cypress[87]"
2018,House,California,Young Kim (R),"Dr. Prakash Narain, Former Mayor, City of Cypress[87]"
2018,House,California,Young Kim (R),"Tim Keenan, City of Cypress[87]"
2018,House,California,Young Kim (R),"Steve Nagel, Mayor Pro Tem, City of Fountain Valley[87]"
2018,House,California,Young Kim (R),"Dean Grose, Councilman, City of Los Alamitos[87]"
2018,House,California,Young Kim (R),"Joe Carcchio, Councilman, City of Huntington Beach[87]"
2018,House,California,Young Kim (R),"Mike Posey, Mayor, City of Huntington Beach[87]"
2018,House,California,Young Kim (R),"Patrick Brenden, Councilman, City of Huntington Beach[87]"
2018,House,California,Young Kim (R),"Michael Gates, City Attorney, City of Huntington Beach[87]"
2018,House,California,Young Kim (R),"Cary C. Chen, President of Rowland Unified School District school board"
2018,House,California,Young Kim (R),"Carol Chen, Former Mayor, City of Cerritos[87]"
2018,House,California,Young Kim (R),"George Ray, Councilman, City of Cerritos[87]"
2018,House,California,Young Kim (R),"Bruce Barrows, Former Mayor, City of Cerritos[87]"
2018,House,California,Young Kim (R),"Jim Edwards, Councilman, City of Cerritos[87]"
2018,House,California,Young Kim (R),"Diane Dixon, Councilwoman, City of Newport Beach[87]"
2018,House,California,Young Kim (R),"Kimberly Ho, Councilwoman, City of Westminster[87]"
2018,House,California,Young Kim (R),"Tony Lam, Former Councilman, City of Westminster[87]"
2018,House,California,Young Kim (R),"David Shawver, Mayor, City of Stanton[87]"
2018,House,California,Young Kim (R),"Al Ethans, Councilman, City of Stanton[87]"
2018,House,California,Young Kim (R),"Rigoberto Ramirez, Councilman, City of Stanton[87]"
2018,House,California,Young Kim (R),"Ed Royce, Sr., Former Mayor, City of Stanton[87]"
2018,House,California,Young Kim (R),"Greg Raths, Mayor Pro Tem, City of Mission Viejo[87]"
2018,House,California,Young Kim (R),"Laurie Davies, Councilwoman, City of Laguna Niguel[87]"
2018,House,California,Young Kim (R),"Diana C. Fascenelli, Councilwoman, City of Villa Park[87]"
2018,House,California,Young Kim (R),"Robbie Pitts, Councilman, City of Villa Park[87]"
2018,House,California,Young Kim (R),"Tara Campbell, Councilwoman, City of Yorba Linda[87]"
2018,House,California,Young Kim (R),"Tony Rackauckas, DA, Orange County DA[87]"
2018,House,California,Young Kim (R),"Sandra Hutchens, Sheriff, OC Sherriff[87]"
2018,House,California,Young Kim (R),"Michelle Steel, Supervisor, OC Board of Supervisors[87]"
2018,House,California,Young Kim (R),"Michael Antonovich, LA County Supervisor (Ret.)[87]"
2018,House,California,Young Kim (R),"Cynthia Coad, Former Supervisor, OC Board of Supervisors[87]"
2018,House,California,Young Kim (R),Educators
2018,House,California,Young Kim (R),"Baltes, Trustee, La Habra City School District[87]"
2018,House,California,Young Kim (R),"Jack Bedell, Trustee President, OC Board of Education[87]"
2018,House,California,Young Kim (R),"Soo Yoo, President of the Board, ABC USD[87]"
2018,House,California,Young Kim (R),"James Na, Clerk of the Board, Chino Valley Unified School District[87]"
2018,House,California,Young Kim (R),"Janny Meyer, Fullerton School District[87]"
2018,House,California,Young Kim (R),"Hilda Sugarman, Fullerton School District[87]"
2018,House,California,Young Kim (R),"Alexandria Coronado, Former Trustee, Anaheim Board of Education[87]"
2018,House,California,Young Kim (R),"Ryan Bent, Trustee, North OC Community College District[87]"
2018,House,California,Young Kim (R),"Norman Hsu, Retired Board Member, Hacienda La Puente USD[87]"
2018,House,California,Young Kim (R),"Dr. Joseph Chang, Board Trustee, Hacienda LA Puente USD[87]"
2018,House,California,Young Kim (R),"Dr. Chae-Jin Lee, Claremont McKenna College[87]"
2018,House,California,Young Kim (R),Other individuals
2018,House,California,Young Kim (R),"Michael Schroeder, Former California Republican Party Chairman[87]"
2018,House,California,Young Kim (R),"John Jungmin Kim, Former Chairman, CA Acupuncture Board[87]"
2018,House,California,Young Kim (R),"Charles Kim, Former Vice Chair, CA Acupuncture Board[87]"
2018,House,California,Young Kim (R),"Nancy Lee, President, BKSCA[87]"
2018,House,California,Young Kim (R),"Michael Kim, Former Planning Commissioner, City of Brea[87]"
2018,House,California,Young Kim (R),"John and Terri Briscoe, Former President, CRA (ID only)[87]"
2018,House,California,Young Kim (R),"Josie Anderson, Retired Social Services Manager, City of La Habra[87]"
2018,House,California,Young Kim (R),"Ed Laird, LCOC Member[87]"
2018,House,California,Young Kim (R),"Elvira Moreno, President, Rep Club North Orange County[87]"
2018,House,California,Young Kim (R),"John Hsu, STC Leadership Academy, Rowland Heights[87]"
2018,House,California,Young Kim (R),"Jim Horn, retired American Diplomat, Author, Activist[87]"
2018,House,California,Young Kim (R),"One Chu, RH Parents and Education Foundation[87]"
2018,House,California,Young Kim (R),"Michael Zhang, Esq., Law Offices of Michael Zhang, Chinese Community TV Personality and Leader[87]"
2018,House,California,Young Kim (R),Organizations
2018,House,California,Young Kim (R),Republican Party of Orange County[77][87]
2018,House,California,Young Kim (R),National Association of Women Business Owners[88]
2018,House,California,Shawn Nelson (R),U.S. Representatives
2018,House,California,Shawn Nelson (R),"Dana Rohrabacher, (R-CA-48)[citation needed]"
2018,House,California,Shawn Nelson (R),State Senators
2018,House,California,Shawn Nelson (R),John Moorlach (R-37)[citation needed]
2018,House,California,Shawn Nelson (R),State Assembly members
2018,House,California,Shawn Nelson (R),Phillip Chen (R-55)[citation needed]
2018,House,California,Shawn Nelson (R),Local-level officials
2018,House,California,Shawn Nelson (R),"Kathryn Barger, Los Angeles County Supervisor[citation needed]"
2018,House,California,Shawn Nelson (R),"Andrew Do, Orange County Supervisor[citation needed]"
2018,House,California,Shawn Nelson (R),"Curt Hagman, San Bernardino County Supervisor[citation needed]"
2018,House,California,Shawn Nelson (R),Other individuals
2018,House,California,Shawn Nelson (R),"Robert O'Neill, Navy SEAL combat veteran[citation needed]"
2018,House,California,Shawn Nelson (R),Organizations
2018,House,California,Shawn Nelson (R),California Republican Assembly[citation needed]
2018,House,California,Shawn Nelson (R),Lincoln Club of Orange County[89]
2018,House,California,Shawn Nelson (R),Newspapers
2018,House,California,Shawn Nelson (R),Orange County Register[90]
2018,House,California,Andy Thorburn (D),State Senators
2018,House,California,Andy Thorburn (D),"Marty Block, former State Senator[citation needed]"
2018,House,California,Andy Thorburn (D),State Assembly members
2018,House,California,Andy Thorburn (D),Reggie Jones-Sawyer (D-59)[citation needed]
2018,House,California,Andy Thorburn (D),Local-level officials
2018,House,California,Andy Thorburn (D),"Gina Clayton-Tarvin, Ocean View School District board member[citation needed]"
2018,House,California,Andy Thorburn (D),"Rick Tuttle, former Los Angeles City Controller[citation needed]"
2018,House,California,Andy Thorburn (D),Other individuals
2018,House,California,Andy Thorburn (D),"Abel Valenzuela, director of UCLA's Institute for Research on Labor and Employment[citation needed]"
2018,House,California,Andy Thorburn (D),Organizations
2018,House,California,Andy Thorburn (D),Communications Workers of America Local 9510[citation needed]
2018,House,California,Andy Thorburn (D),International Union of Painters and Allied Trades[citation needed]
2018,House,California,Andy Thorburn (D),Machinists Conference of California[citation needed]
2018,House,California,Andy Thorburn (D),National Nurses United[citation needed]
2018,House,California,Andy Thorburn (D),Our Revolution[citation needed]
2018,House,California,Andy Thorburn (D),United Steelworkers[91]
2018,House,California,Mai-Khanh Tran (D),U.S. Representatives
2018,House,California,Mai-Khanh Tran (D),Lois Frankel (D-FL-21)[citation needed]
2018,House,California,Mai-Khanh Tran (D),State Assembly members
2018,House,California,Mai-Khanh Tran (D),Kansen Chu (D-25)[citation needed]
2018,House,California,Mai-Khanh Tran (D),Ash Kalra (D-27)[citation needed]
2018,House,California,Mai-Khanh Tran (D),Local-level officials
2018,House,California,Mai-Khanh Tran (D),"Katrina Foley, Costa Mesa City Councilwoman[citation needed]"
2018,House,California,Mai-Khanh Tran (D),"Amy Thomas Howorth, Manhattan Beach Mayor[citation needed]"
2018,House,California,Mai-Khanh Tran (D),"Wayne Lee, Millbrae Councilman[citation needed]"
2018,House,California,Mai-Khanh Tran (D),"Polly Low, Mayor of Rosemead[citation needed]"
2018,House,California,Mai-Khanh Tran (D),"Michele Martinez, Santa Ana Mayor Pro Tem[citation needed]"
2018,House,California,Mai-Khanh Tran (D),"Diedre Thu-Ha Nguyen, Garden Grove City Councilwoman[citation needed]"
2018,House,California,Mai-Khanh Tran (D),"Ali Sajjad Taj, Artesia City Councilman[citation needed]"
2018,House,California,Mai-Khanh Tran (D),Educators
2018,House,California,Mai-Khanh Tran (D),"Dr. Shin Liu, Cerritos College Board of Trustees[citation needed]"
2018,House,California,Mai-Khanh Tran (D),"Jamison Powers, Westminster School Board[citation needed]"
2018,House,California,Mai-Khanh Tran (D),Organizations
2018,House,California,Mai-Khanh Tran (D),Emily's List[citation needed]
2018,House,California,Mai-Khanh Tran (D),314 Action[citation needed]
2018,House,California,Mai-Khanh Tran (D),ASPIRE PAC[citation needed]
2018,House,California,Mai-Khanh Tran (D),California API Legislative Caucus[citation needed]
2018,House,California,Mai-Khanh Tran (D),Feminist Majority Foundation[citation needed]
2018,House,California,Mai-Khanh Tran (D),Asian American Action Fund[citation needed]
2018,House,California,Mai-Khanh Tran (D),Asian American and Pacific Islanders (AAPI) Victory Fund[citation needed]
2018,House,California,Mai-Khanh Tran (D),CAPA 21[citation needed]
2018,House,California,Mai-Khanh Tran (D),Korean American Democratic Committee[citation needed]
2018,House,California,Mai-Khanh Tran (D),The Progressive Vietnamese American Organization (PIVOT)[92]
2018,House,California,Rodolfo Cortes-Barragan (G),Organizations
2018,House,California,Rodolfo Cortes-Barragan (G),Peace and Freedom Party[19]
2018,House,California,Mark Takano,Organizations
2018,House,California,Mark Takano,J Street PAC[13]
2018,House,California,Frank DeMartini (R),U.S. Representatives
2018,House,California,Frank DeMartini (R),Dana Rohrabacher (R-CA-48)[citation needed]
2018,House,California,Frank DeMartini (R),Other individuals
2018,House,California,Frank DeMartini (R),"Bradley Blakeman, Republican strategist[citation needed]"
2018,House,California,Frank DeMartini (R),"Pat Boone, singer[citation needed]"
2018,House,California,Frank DeMartini (R),"Bob Conti, musician[citation needed]"
2018,House,California,Frank DeMartini (R),"Wink Martindale, radio disc jockey[citation needed]"
2018,House,California,Frank DeMartini (R),"Chris Widener, writer[93]"
2018,House,California,Omar Navarro (R),U.S. Military Personnel
2018,House,California,Omar Navarro (R),"Michael T. Flynn, a retired United States Army Lieutenant General and former National Security Advisor to President Donald Trump[94]"
2018,House,California,Omar Navarro (R),U.S. Representatives
2018,House,California,Omar Navarro (R),"Barry Goldwater Jr., former member of the U.S. House of Representatives from California (1969-1983)[citation needed]"
2018,House,California,Omar Navarro (R),State-level officials
2018,House,California,Omar Navarro (R),"Joel Anderson, California State Senator (R-38)[95]"
2018,House,California,Omar Navarro (R),"Elbert Guillory, former member of the Louisiana State Senate (R-24)[95]"
2018,House,California,Omar Navarro (R),Other individuals
2018,House,California,Omar Navarro (R),"Joe Arpaio, former Maricopa County, Arizona sheriff and candidate for U.S. Senate in Arizona in 2018[95]"
2018,House,California,Omar Navarro (R),"Herman Cain, Republican candidate for president in 2012[95]"
2018,House,California,Omar Navarro (R),"Mark Dice, media analyst and author[96]"
2018,House,California,Omar Navarro (R),"Larry Elder, conservative political commentator[95]"
2018,House,California,Omar Navarro (R),"Alex Jones, conservative talk radio host and publisher as well as owner of InfoWars[95]"
2018,House,California,Omar Navarro (R),"Roger Stone, political consultant[95]"
2018,House,California,Omar Navarro (R),"Chuck Woolery, talk show host[95]"
2018,House,California,Miguel Angel Zuniga (G),Local-level officials
2018,House,California,Miguel Angel Zuniga (G),"Gayle McLaughlin (Independent), former Mayor of Richmond[15]"
2018,House,California,Brian Forde (D),Organizations
2018,House,California,Brian Forde (D),Orange County Young Democrats[99]
2018,House,California,Kia Hamadanchy (D),U.S. Senators
2018,House,California,Kia Hamadanchy (D),"Sherrod Brown, U.S. Senator from Ohio[citation needed]"
2018,House,California,Kia Hamadanchy (D),"Tom Harkin, former U.S. Senator from Iowa[citation needed]"
2018,House,California,Kia Hamadanchy (D),U.S. Representatives
2018,House,California,Kia Hamadanchy (D),"Mike Honda, former Congressman[citation needed]"
2018,House,California,Kia Hamadanchy (D),State-level officials
2018,House,California,Kia Hamadanchy (D),"Cyrus Habib, Lieutenant Governor of Washington[citation needed]"
2018,House,California,Kia Hamadanchy (D),State Assembly members
2018,House,California,Kia Hamadanchy (D),"Warren Furutani, former Assemblyman[citation needed]"
2018,House,California,Kia Hamadanchy (D),Local-level officials
2018,House,California,Kia Hamadanchy (D),"Amir Farokhi, Atlanta, Georgia City Councilman[citation needed]"
2018,House,California,Kia Hamadanchy (D),"Suzie Price, Long Beach City Councilwoman[citation needed]"
2018,House,California,Kia Hamadanchy (D),Organizations
2018,House,California,Kia Hamadanchy (D),Iranian American Political Action Committee[citation needed]
2018,House,California,Kia Hamadanchy (D),National Iranian American Council (NIAC Action)[citation needed]
2018,House,California,Kia Hamadanchy (D),Freethought Equality Fund[citation needed]
2018,House,California,Kia Hamadanchy (D),Bay Area Iranian-American Democrats[citation needed]
2018,House,California,Kia Hamadanchy (D),The Pluralism Project[100]
2018,House,California,Dave Min (D),U.S. Representatives
2018,House,California,Dave Min (D),"Pete Aguilar, U.S. Representative (D-CA-31)[citation needed]"
2018,House,California,Dave Min (D),"Ami Bera, U.S. Representative (D-CA-7)[citation needed]"
2018,House,California,Dave Min (D),"Salud Carbajal, U.S. Representative (D-CA-24)[citation needed]"
2018,House,California,Dave Min (D),"Judy Chu, U.S. Representative (D-CA-27)[citation needed]"
2018,House,California,Dave Min (D),"Lou Correa, U.S. Representative (D-CA-46)[citation needed]"
2018,House,California,Dave Min (D),"Alan Lowenthal, U.S. Representative (D-CA-47)[citation needed]"
2018,House,California,Dave Min (D),"Grace Napolitano, U.S. Representative (D-CA-32)[citation needed]"
2018,House,California,Dave Min (D),"Scott Peters, U.S. Representative (D-CA-52)[citation needed]"
2018,House,California,Dave Min (D),"Linda Sanchez, U.S. Representative (D-CA-38)[citation needed]"
2018,House,California,Dave Min (D),"Mark Takano, U.S. Representative (D-CA-41)[citation needed]"
2018,House,California,Dave Min (D),State-level officials
2018,House,California,Dave Min (D),"Betty Yee, California State Controller[citation needed]"
2018,House,California,Dave Min (D),"Fiona Ma, California Board of Equalization member (D-2) and former Assemblywoman[citation needed]"
2018,House,California,Dave Min (D),"Sharon Quirk-Silva, California State Assemblymember (D-65)[citation needed]"
2018,House,California,Dave Min (D),"Mike Eng, former Assemblyman and former Mayor of Monterey Park[citation needed]"
2018,House,California,Dave Min (D),Local-level officials
2018,House,California,Dave Min (D),"Katrina Foley, Costa Mesa City Councilwoman[101]"
2018,House,California,Dave Min (D),"Sukhee Kang, former Mayor of Irvine[citation needed]"
2018,House,California,Dave Min (D),"Mary Ann Gaido, former Irvine City Councilwoman[citation needed]"
2018,House,California,Dave Min (D),"Ross Chun, Aliso Viejo Mayor Pro Tempore[citation needed]"
2018,House,California,Dave Min (D),"John Palacio, Santa Ana Unified School District Board of Education President[citation needed]"
2018,House,California,Dave Min (D),"Valerie Amezcua, Santa Ana Unified School District Board of Education Vice President[citation needed]"
2018,House,California,Dave Min (D),"Jesus Silva, Fullerton City Councilman[citation needed]"
2018,House,California,Dave Min (D),"David Lau, former Mayor of Monterey Park[citation needed]"
2018,House,California,Dave Min (D),"Ali Taj, Mayor of Artesia[citation needed]"
2018,House,California,Dave Min (D),"Andrew Rodriguez, Walnut City Councilman[citation needed]"
2018,House,California,Dave Min (D),Other individuals
2018,House,California,Dave Min (D),"Julia Peacock, teacher and candidate for CA-42 in 2018[102]"
2018,House,California,Dave Min (D),"Fran Sdao, Chairwoman of the Democratic Party of Orange County[citation needed]"
2018,House,California,Dave Min (D),Organizations
2018,House,California,Dave Min (D),California Democratic Party[103]
2018,House,California,Dave Min (D),AAAFund[citation needed]
2018,House,California,Dave Min (D),ASPIRE PAC[citation needed]
2018,House,California,Dave Min (D),Congressional Hispanic Caucus Bold PAC[citation needed]
2018,House,California,Dave Min (D),Korean American Democratic Committee[104]
2018,House,California,Dave Min (D),NewDemPAC[citation needed]
2018,House,California,Dave Min (D),College Democrats at UCI[105]
2018,House,California,Dave Min (D),Orange County High School Democrats[citation needed]
2018,House,California,Dave Min (D),Teamsters Joint Council 42[106]
2018,House,California,Katie Porter (D) won primary,Former U.S. Executive Branch officials
2018,House,California,Katie Porter (D) won primary,"Barack Obama, 44th President of the United States[20]"
2018,House,California,Katie Porter (D) won primary,State officials
2018,House,California,Katie Porter (D) won primary,"Gavin Newsom, Lt Governor of California and 2018 gubernatorial nominee[14]"
2018,House,California,Katie Porter (D) won primary,U.S. Senators
2018,House,California,Katie Porter (D) won primary,"Kamala Harris, U.S. Senator from California[citation needed]"
2018,House,California,Katie Porter (D) won primary,"Elizabeth Warren, Senator from Massachusetts[citation needed]"
2018,House,California,Katie Porter (D) won primary,U.S. Representatives
2018,House,California,Katie Porter (D) won primary,"Lois Frankel, U.S. Representative from Florida (D-FL-21)[citation needed]"
2018,House,California,Katie Porter (D) won primary,"Loretta Sanchez, former Congresswoman from California[citation needed]"
2018,House,California,Katie Porter (D) won primary,State Senators
2018,House,California,Katie Porter (D) won primary,Connie Leyva (D-20)[citation needed]
2018,House,California,Katie Porter (D) won primary,Local-level officials
2018,House,California,Katie Porter (D) won primary,"Katrina Foley, Costa Mesa City Councilwoman[citation needed]"
2018,House,California,Katie Porter (D) won primary,"John Stevens, Costa Mesa City Councilman[citation needed]"
2018,House,California,Katie Porter (D) won primary,Other individuals
2018,House,California,Katie Porter (D) won primary,"Wylie Aitken, former Democratic Foundation of Orange County Chair[citation needed]"
2018,House,California,Katie Porter (D) won primary,"Dan Jacobsen, Democratic Foundation of Orange County Chair[citation needed]"
2018,House,California,Katie Porter (D) won primary,Organizations
2018,House,California,Katie Porter (D) won primary,Blue America[citation needed]
2018,House,California,Katie Porter (D) won primary,Brady Campaign to Prevent Gun Violence[citation needed]
2018,House,California,Katie Porter (D) won primary,Congressional Progressive Caucus[citation needed]
2018,House,California,Katie Porter (D) won primary,Council for a Livable World[citation needed]
2018,House,California,Katie Porter (D) won primary,Democracy for America[citation needed]
2018,House,California,Katie Porter (D) won primary,EMILY's List[citation needed]
2018,House,California,Katie Porter (D) won primary,End Citizens United[citation needed]
2018,House,California,Katie Porter (D) won primary,Feminist Majority Foundation[citation needed]
2018,House,California,Katie Porter (D) won primary,Human Rights Campaign[citation needed]
2018,House,California,Katie Porter (D) won primary,J Street PAC[13]
2018,House,California,Katie Porter (D) won primary,League of Conservation Voters[citation needed]
2018,House,California,Katie Porter (D) won primary,NARAL Pro-Choice America[citation needed]
2018,House,California,Katie Porter (D) won primary,Ocean Champions[citation needed]
2018,House,California,Katie Porter (D) won primary,Planned Parenthood[citation needed]
2018,House,California,Katie Porter (D) won primary,Progressive Change Campaign Committee[citation needed]
2018,House,California,Katie Porter (D) won primary,Sierra Club[citation needed]
2018,House,California,Katie Porter (D) won primary,United Pilots (UPPAC)[citation needed]
2018,House,California,Katie Porter (D) won primary,Women's Political Committee[107]
2018,House,California,Mimi Walters (R) won primary,Organizations
2018,House,California,Mimi Walters (R) won primary,Republican Party of Orange County[77]
2018,House,California,Lou Correa (D),U.S. Representatives
2018,House,California,Lou Correa (D),Pete Aguilar (D-CA-31)[108]
2018,House,California,Lou Correa (D),Karen Bass (D-CA-37)[108]
2018,House,California,Lou Correa (D),Tony Cárdenas (D-CA-29)[108]
2018,House,California,Lou Correa (D),Judy Chu (D-CA-27)[108]
2018,House,California,Lou Correa (D),Ruben Gallego (D-AZ-7)[108]
2018,House,California,Lou Correa (D),Raúl Grijalva (D-AZ-3)[108]
2018,House,California,Lou Correa (D),Luis Gutierrez (D-IL-4)[108]
2018,House,California,Lou Correa (D),"Ruben Hinojosa, former U.S. Representative from Texas[108]"
2018,House,California,Lou Correa (D),"Steny Hoyer, House Minority Whip (D-MD-5)[108]"
2018,House,California,Lou Correa (D),Ted Lieu (D-CA-33)[108]
2018,House,California,Lou Correa (D),Alan Lowenthal (D-CA-47)[108]
2018,House,California,Lou Correa (D),"Nancy Pelosi, House Minority Leader (D-CA-12)[108]"
2018,House,California,Lou Correa (D),Lucille Roybal-Allard (D-CA-40)[108]
2018,House,California,Lou Correa (D),Raul Ruiz (D-CA-36)[108]
2018,House,California,Lou Correa (D),Linda Sánchez (D-CA-38)[108]
2018,House,California,Lou Correa (D),"Loretta Sanchez, former U.S. Representative from California[108]"
2018,House,California,Lou Correa (D),Juan Vargas (D-CA-51)[108]
2018,House,California,Lou Correa (D),Filemon Vela Jr. (D-TX-34)[108]
2018,House,California,Lou Correa (D),State-level officials
2018,House,California,Lou Correa (D),"Cruz Bustamante, former Lieutenant Governor of California[108]"
2018,House,California,Lou Correa (D),"John Chiang, State Treasurer of California and candidate for governor in 2018[108]"
2018,House,California,Russell Rene Lambert (R),Organizations
2018,House,California,Russell Rene Lambert (R),Republican Party of Orange County[77]
2018,House,California,Ed Rushman (NPP),U.S. Representatives
2018,House,California,Ed Rushman (NPP),American Solidarity Party of California[47]
2018,House,California,John Briscoe (R) won primary,Organizations
2018,House,California,John Briscoe (R) won primary,Republican Party of Orange County[77]
2018,House,California,David Michael Clifford (R),Organizations
2018,House,California,David Michael Clifford (R),California Republican Assembly[citation needed]
2018,House,California,David Michael Clifford (R),Long Beach Young Republicans[citation needed]
2018,House,California,David Michael Clifford (R),Republican Party of Los Angeles County[109]
2018,House,California,David Michael Clifford (R),Republican Party of Orange County[110]
2018,House,California,Alan Lowenthal (D),Organizations
2018,House,California,Alan Lowenthal (D),J Street PAC[13]
2018,House,California,Scott Baugh (R),U.S. Representatives
2018,House,California,Scott Baugh (R),"John Campbell, former U.S. Representative from California[111]"
2018,House,California,Scott Baugh (R),State-level officials
2018,House,California,Scott Baugh (R),"Dick Ackerman, former State Senator[citation needed]"
2018,House,California,Scott Baugh (R),"Patricia Bates, California State Senator (R-36)[citation needed]"
2018,House,California,Scott Baugh (R),"John Moorlach, California State Senator (R-37)[citation needed]"
2018,House,California,Scott Baugh (R),"Jim Silva, former State Assemblyman[citation needed]"
2018,House,California,Scott Baugh (R),Local-level officials
2018,House,California,Scott Baugh (R),"Cheryl Brothers, Fountain Valley City Council Member[citation needed]"
2018,House,California,Scott Baugh (R),"Kevin Muldoon, Newport Beach City Council Member[citation needed]"
2018,House,California,Scott Baugh (R),"Steve Nagel, Fountain Valley Mayor Pro Tempore[citation needed]"
2018,House,California,Scott Baugh (R),"Will O'Neill, Newport Beach Mayor Pro Tempore[citation needed]"
2018,House,California,Scott Baugh (R),"Jim Righeimer, Costa Mesa City Council member[citation needed]"
2018,House,California,Scott Baugh (R),"Rhonda Shader, Placentia Mayor Pro Tempore[citation needed]"
2018,House,California,Scott Baugh (R),Other individuals
2018,House,California,Scott Baugh (R),"Stelian Onufrei, former candidate for CA-48 in 2018[112]"
2018,House,California,Scott Baugh (R),Organizations
2018,House,California,Scott Baugh (R),California Republican Taxpayers Association[113]
2018,House,California,Hans Keirstead (D),U.S. Representatives
2018,House,California,Hans Keirstead (D),"Bill Foster, U.S. Representative (D-IL-11)[citation needed]"
2018,House,California,Hans Keirstead (D),"Jerry McNerney, U.S. Representative (D-CA-9)[citation needed]"
2018,House,California,Hans Keirstead (D),"Raul Ruiz, U.S. Representative (D-CA-36)[citation needed]"
2018,House,California,Hans Keirstead (D),State-level officials
2018,House,California,Hans Keirstead (D),"Fiona Ma, Chair of the California State Board of Equalization[citation needed]"
2018,House,California,Hans Keirstead (D),"Bill Dodd, California State Senator (D-3)[citation needed]"
2018,House,California,Hans Keirstead (D),"Sharon Quirk-Silva, California State Assemblymember (D-65)[citation needed]"
2018,House,California,Hans Keirstead (D),Local-level officials
2018,House,California,Hans Keirstead (D),"Ross Chun, Aliso Viejo Mayor Pro Tempore[citation needed]"
2018,House,California,Hans Keirstead (D),"Debbie Cook, former Huntington Beach Mayor[citation needed]"
2018,House,California,Hans Keirstead (D),"Shirley Dettloff, former Huntington Beach Mayor and California Coastal Commissioner[citation needed]"
2018,House,California,Hans Keirstead (D),"Melissa Fox, Irvine City Councilwoman[citation needed]"
2018,House,California,Hans Keirstead (D),"Jim Moreno, Coast Community College District Trustee[citation needed]"
2018,House,California,Hans Keirstead (D),"Jamison Power, Westminster School Board Trustee[citation needed]"
2018,House,California,Hans Keirstead (D),"Lorraine Prinsky, Coast Community College District Trustee[citation needed]"
2018,House,California,Hans Keirstead (D),Other individuals
2018,House,California,Hans Keirstead (D),"Wylie Aitken, attorney and philanthropist[citation needed]"
2018,House,California,Hans Keirstead (D),"Jess Araujo, attorney and community activist[citation needed]"
2018,House,California,Hans Keirstead (D),"Eric C. Bauman, Chair of the California Democratic Party[citation needed]"
2018,House,California,Hans Keirstead (D),"Dr. Anthony Davies, CEO of Dark Horse Consulting[citation needed]"
2018,House,California,Hans Keirstead (D),"Dr. Michael Gottfredson, Vice-Chancellor of the University of California, Irvine[citation needed]"
2018,House,California,Hans Keirstead (D),"Florice Hoffman, Regional Director of the California Democratic Party[citation needed]"
2018,House,California,Hans Keirstead (D),"Bob Klein, attorney and patient advocate[citation needed]"
2018,House,California,Hans Keirstead (D),"Roman Reed, philanthropist and President of the Roman Reed Foundation[citation needed]"
2018,House,California,Hans Keirstead (D),"Fran Sdao, Chair of the Orange County Democratic Party[citation needed]"
2018,House,California,Hans Keirstead (D),"Dr. Wise Young, Director of W.M. Keck Center for Collaborative Neuroscience[citation needed]"
2018,House,California,Hans Keirstead (D),Organizations
2018,House,California,Hans Keirstead (D),California Democratic Party[114]
2018,House,California,Hans Keirstead (D),Democratic Party of Orange County[citation needed]
2018,House,California,Hans Keirstead (D),International Association of Machinist[citation needed]
2018,House,California,Hans Keirstead (D),International Longshore Workers Union[citation needed]
2018,House,California,Hans Keirstead (D),Moms Demand Action Gun Sense Candidate[citation needed]
2018,House,California,Hans Keirstead (D),National Union of Healthcare Workers[citation needed]
2018,House,California,Hans Keirstead (D),SEIU California[citation needed]
2018,House,California,Hans Keirstead (D),Southwest Regional Council of Carpenters[citation needed]
2018,House,California,Hans Keirstead (D),Teamsters Joint Council #42[citation needed]
2018,House,California,Hans Keirstead (D),314 Action[115]
2018,House,California,Dana Rohrabacher (R) won primary,U.S. Executive Branch officials
2018,House,California,Dana Rohrabacher (R) won primary,"Donald Trump, 45th President of the United States[116]"
2018,House,California,Dana Rohrabacher (R) won primary,Organizations
2018,House,California,Dana Rohrabacher (R) won primary,Republican Party of Orange County[77]
2018,House,California,Dana Rohrabacher (R) won primary,Newspapers
2018,House,California,Dana Rohrabacher (R) won primary,Orange County Register[117]
2018,House,California,Harley Rouda (D) won primary,Former U.S. Executive Branch officials
2018,House,California,Harley Rouda (D) won primary,"Barack Obama, 44th President of the United States[20]"
2018,House,California,Harley Rouda (D) won primary,U.S. Representatives
2018,House,California,Harley Rouda (D) won primary,"Pete Aguilar, U.S. Representative (D-CA-31)[citation needed]"
2018,House,California,Harley Rouda (D) won primary,"Judy Chu, U.S. Representative (D-CA-27)[citation needed]"
2018,House,California,Harley Rouda (D) won primary,"Lou Correa, U.S. Representative (D-CA-46)[citation needed]"
2018,House,California,Harley Rouda (D) won primary,"Jared Huffman, U.S. Representative (D-CA-6)[citation needed]"
2018,House,California,Harley Rouda (D) won primary,"Zoe Lofgren, U.S. Representative (D-CA-19)[citation needed]"
2018,House,California,Harley Rouda (D) won primary,"Alan Lowenthal, U.S. Representative (D-CA-47)[citation needed]"
2018,House,California,Harley Rouda (D) won primary,"Linda Sánchez, U.S. Representative (D-CA-38)[citation needed]"
2018,House,California,Harley Rouda (D) won primary,"Loretta Sanchez, former U.S. Representative from California[citation needed]"
2018,House,California,Harley Rouda (D) won primary,Brad Sherman U.S. Representative (D-CA-30)[citation needed]
2018,House,California,Harley Rouda (D) won primary,"Mark Takano, U.S. Representative (D-CA-41)[citation needed]"
2018,House,California,Harley Rouda (D) won primary,State-level officials
2018,House,California,Harley Rouda (D) won primary,"Bill Lockyer, former Treasurer of California[citation needed]"
2018,House,California,Harley Rouda (D) won primary,"Henry Stern, California State Senator (D-27)[citation needed]"
2018,House,California,Harley Rouda (D) won primary,Local-level officials
2018,House,California,Harley Rouda (D) won primary,"Gina Clayton-Tarvin, Ocean View School District Board of Trustees President[citation needed]"
2018,House,California,Harley Rouda (D) won primary,"Katrina Foley, former Mayor of Costa Mesa and City Council Member[citation needed]"
2018,House,California,Harley Rouda (D) won primary,"Steve Harris, Centralia School District Board of Trustees[citation needed]"
2018,House,California,Harley Rouda (D) won primary,"Toni Iseman, Laguna Beach Mayor[citation needed]"
2018,House,California,Harley Rouda (D) won primary,"Sukhee Kang, former Mayor of Irvine[citation needed]"
2018,House,California,Harley Rouda (D) won primary,Other individuals
2018,House,California,Harley Rouda (D) won primary,"Frank Barbaro, former Orange County Democratic Party Chairman[citation needed]"
2018,House,California,Harley Rouda (D) won primary,"Erwin Chemerinsky, founder of the University of California (UC) Irvine Law School and current University of California (UC) Berkeley Law School Dean[citation needed]"
2018,House,California,Harley Rouda (D) won primary,"Dan Jacobson, chairman of the Democratic Foundation[citation needed]"
2018,House,California,Harley Rouda (D) won primary,"Gary LeFebvre, president of the Laguna Beach Democratic Club[citation needed]"
2018,House,California,Harley Rouda (D) won primary,"Laura Oatman, former candidate for CA-48 in 2018[118]"
2018,House,California,Harley Rouda (D) won primary,"Michael Kotick, former candidate for CA-48 in 2018[citation needed]"
2018,House,California,Harley Rouda (D) won primary,Organizations
2018,House,California,Harley Rouda (D) won primary,California Nurses Association (CNA)[citation needed]
2018,House,California,Harley Rouda (D) won primary,Democratic Congressional Campaign Committee[119]
2018,House,California,Harley Rouda (D) won primary,International Brotherhood of Electrical Workers (IBEW) Local 441[citation needed]
2018,House,California,Harley Rouda (D) won primary,International Union of Painters and Allied Trades District Council 36[citation needed]
2018,House,California,Harley Rouda (D) won primary,I.U.O.E Local 12[citation needed]
2018,House,California,Harley Rouda (D) won primary,J Street PAC[citation needed]
2018,House,California,Harley Rouda (D) won primary,League of Conservation Voters[120]
2018,House,California,Harley Rouda (D) won primary,National Nurses United[citation needed]
2018,House,California,Harley Rouda (D) won primary,Sierra Club[23]
2018,House,California,Harley Rouda (D) won primary,United Association of Journeymen and Apprentices of the Plumbing and Pipe Fitting Industry (UA) Local 582[citation needed]
2018,House,California,Harley Rouda (D) won primary,United Steelworkers Los Angeles/Orange Counties Legislative Education Committee[121][122]
2018,House,California,Omar Siddiqui (D),Organizations
2018,House,California,Omar Siddiqui (D),Orange County Young Democrats[99]
2018,House,California,Doug Applegate (D),Executive branch officials
2018,House,California,Doug Applegate (D),"John H. Dalton, former United States Secretary of the Navy[citation needed]"
2018,House,California,Doug Applegate (D),U.S. Representatives
2018,House,California,Doug Applegate (D),"Loretta Sanchez, former U.S. Congresswoman[citation needed]"
2018,House,California,Doug Applegate (D),State-level officials
2018,House,California,Doug Applegate (D),"Toni Atkins, California State Senator (D-39)[citation needed]"
2018,House,California,Doug Applegate (D),Local-level officials
2018,House,California,Doug Applegate (D),"Rich Alderson, Vista School Board President[citation needed]"
2018,House,California,Doug Applegate (D),"Gina Clayton-Tarvin, Ocean View School District Board President[citation needed]"
2018,House,California,Doug Applegate (D),"Chuck Lowery, Deputy Mayor of Oceanside[citation needed]"
2018,House,California,Doug Applegate (D),"Cipriano Vargas, Vista School Board Member[citation needed]"
2018,House,California,Doug Applegate (D),Organizations
2018,House,California,Doug Applegate (D),CA State Association of Letter Carriers[citation needed]
2018,House,California,Doug Applegate (D),California State American Postal Workers Union[citation needed]
2018,House,California,Doug Applegate (D),IBEW Local 47[citation needed]
2018,House,California,Doug Applegate (D),International Brotherhood of Electrical Workers Local 441[citation needed]
2018,House,California,Doug Applegate (D),International Union of Painters & Allied Trades (IUPAT) District Council 36[citation needed]
2018,House,California,Doug Applegate (D),Ironworkers 433[citation needed]
2018,House,California,Doug Applegate (D),Justice Democrats[citation needed]
2018,House,California,Doug Applegate (D),National Nurses United[citation needed]
2018,House,California,Doug Applegate (D),"Plumbers, Steamfitters, Welders & Apprentices Union Local 582[citation needed]"
2018,House,California,Doug Applegate (D),Plasterers Union Local 200[citation needed]
2018,House,California,Doug Applegate (D),"Roofers, Waterproofers & Allied Workers Local 220[citation needed]"
2018,House,California,Doug Applegate (D),San Diego Democrats for Environmental Action[citation needed]
2018,House,California,Doug Applegate (D),VoteVets[124]
2018,House,California,Rocky Chávez (R),Governors
2018,House,California,Rocky Chávez (R),"Arnold Schwarzenegger, former Governor of California[125]"
2018,House,California,Rocky Chávez (R),State-level officials
2018,House,California,Rocky Chávez (R),"Dante Acosta, Assemblyman[126]"
2018,House,California,Rocky Chávez (R),"Catharine Baker, Assemblywoman[126]"
2018,House,California,Rocky Chávez (R),"Phillip Chen, Assemblyman[126]"
2018,House,California,Rocky Chávez (R),"Connie Conway, former Assembly Republican Leader[126]"
2018,House,California,Rocky Chávez (R),"Jordan Cunningham, Assemblyman[126]"
2018,House,California,Rocky Chávez (R),"Brian Dahle, Assembly Republican Leader[126]"
2018,House,California,Rocky Chávez (R),"Heath Flora, Assemblyman[126]"
2018,House,California,Rocky Chávez (R),"Devon Mathis, Assemblyman[126]"
2018,House,California,Rocky Chávez (R),"Chad Mayes, former Assembly Republican Leader[126]"
2018,House,California,Rocky Chávez (R),"Jay Obernolte, Assemblyman[126]"
2018,House,California,Rocky Chávez (R),Local-level officials
2018,House,California,Rocky Chávez (R),"John Aguilera, Vista Deputy Mayor[127]"
2018,House,California,Rocky Chávez (R),"Joe Green, Vista City Councilman[127]"
2018,House,California,Rocky Chávez (R),"Matt Hall, Carlsbad Mayor[128]"
2018,House,California,Rocky Chávez (R),"Mark Packard, Carlsbad City Councilmember[128]"
2018,House,California,Rocky Chávez (R),"Ray Pearson, Carlsbad Unified School District Board Trustee[126]"
2018,House,California,Rocky Chávez (R),"Michael Schumacher, Carlsbad City Councilmember[128]"
2018,House,California,Rocky Chávez (R),"Peter Weiss, Oceanside Mayor[126]"
2018,House,California,Rocky Chávez (R),Other individuals
2018,House,California,Rocky Chávez (R),"Stuart Spencer, former Policy Advisor to Ronald Reagan[126]"
2018,House,California,Rocky Chávez (R),Organizations
2018,House,California,Rocky Chávez (R),National Electrical Contractors Association[129]
2018,House,California,Rocky Chávez (R),Newspapers
2018,House,California,Rocky Chávez (R),The San Diego Union-Tribune[130]
2018,House,California,Kristin Gaspar (R),Organizations
2018,House,California,Kristin Gaspar (R),Deputy Sheriffs' Association of San Diego County[131]
2018,House,California,Diane Harkey (R),Federal officials
2018,House,California,Diane Harkey (R),"Donald Trump, President of the United States[132]"
2018,House,California,Diane Harkey (R),U.S. Representatives
2018,House,California,Diane Harkey (R),"Ken Calvert, U.S. Representative (R-CA-42)[citation needed]"
2018,House,California,Diane Harkey (R),"Darrell Issa, U.S. Representative (R-CA-49)[citation needed]"
2018,House,California,Diane Harkey (R),"Kevin McCarthy, U.S. Representative (R-CA-23)[133]"
2018,House,California,Diane Harkey (R),"Dana Rohrabacher, U.S. Representative (R-CA-48)[citation needed]"
2018,House,California,Diane Harkey (R),"David Valadao, U.S Representative (R-CA-21)[citation needed]"
2018,House,California,Diane Harkey (R),"Mimi Walters, U.S. Representative (R-CA-45)[citation needed]"
2018,House,California,Diane Harkey (R),State-level officials
2018,House,California,Diane Harkey (R),Senator Jeff Stone[citation needed]
2018,House,California,Diane Harkey (R),Senator Mike Morrell[citation needed]
2018,House,California,Diane Harkey (R),Assemblyman Bill Brough[citation needed]
2018,House,California,Diane Harkey (R),Assemblyman Phillip Chen[citation needed]
2018,House,California,Diane Harkey (R),Assemblyman Jim Patterson[citation needed]
2018,House,California,Diane Harkey (R),Assemblyman Steven Choi[citation needed]
2018,House,California,Diane Harkey (R),Assemblyman Travis Allen[citation needed]
2018,House,California,Diane Harkey (R),Former Assemblywoman Shannon Grove[citation needed]
2018,House,California,Diane Harkey (R),Former Assemblyman Brian Jones[citation needed]
2018,House,California,Diane Harkey (R),Assemblywoman Melissa Melendez[citation needed]
2018,House,California,Diane Harkey (R),Local-level officials
2018,House,California,Diane Harkey (R),"Lisa Bartlett, Orange County Supervisor District 5[citation needed]"
2018,House,California,Diane Harkey (R),"Barbara Delgleize, Huntington Beach Mayor[citation needed]"
2018,House,California,Diane Harkey (R),"Carl DeMaio, former San Diego City Councilmember[citation needed]"
2018,House,California,Diane Harkey (R),"Andrew Do, Orange County Supervisor District 1[citation needed]"
2018,House,California,Diane Harkey (R),"Ernie Dronenburg, San Diego County Assessor[citation needed]"
2018,House,California,Diane Harkey (R),"Sandra Hutchens, Orange County Sheriff[citation needed]"
2018,House,California,Diane Harkey (R),"Ginger Marshall, Solana Beach Mayor[citation needed]"
2018,House,California,Diane Harkey (R),"Mike Munzing, Aliso Viejo Mayor[citation needed]"
2018,House,California,Diane Harkey (R),"Claude Parrish, Orange County County Assessor[citation needed]"
2018,House,California,Diane Harkey (R),"Michelle Steel, Orange County Supervisor District 2[citation needed]"
2018,House,California,Diane Harkey (R),"Donald P. Wagner, Irvine Mayor[citation needed]"
2018,House,California,Diane Harkey (R),"Jim Wood, Oceanside Mayor[citation needed]"
2018,House,California,Diane Harkey (R),Organizations
2018,House,California,Diane Harkey (R),Association of Orange County Deputy Sheriffs[citation needed]
2018,House,California,Diane Harkey (R),Orange County Coalition of Police and Sheriffs[citation needed]
2018,House,California,Diane Harkey (R),California Statewide Law Enforcement Association[citation needed]
2018,House,California,Diane Harkey (R),California Association of Tax Professionals[citation needed]
2018,House,California,Diane Harkey (R),Orange County GOP[77]
2018,House,California,Diane Harkey (R),San Diego County GOP[citation needed]
2018,House,California,Diane Harkey (R),Maggie's List[134]
2018,House,California,Diane Harkey (R),Howard Jarvis Taxpayers Association[135]
2018,House,California,Diane Harkey (R),California Republican Veterans Association[136][137]
2018,House,California,Diane Harkey (R),Newspapers
2018,House,California,Diane Harkey (R),Orange County Register[138]
2018,House,California,Sara Jacobs (D),U.S. Representatives
2018,House,California,Sara Jacobs (D),"Susan Davis, U.S. Representative (D-CA-53)[citation needed]"
2018,House,California,Sara Jacobs (D),"Lois Frankel, U.S. Representative (D-FL-21)[citation needed]"
2018,House,California,Sara Jacobs (D),"Juan Vargas, U.S. Representative (D-CA-51)[citation needed]"
2018,House,California,Sara Jacobs (D),State-level officials
2018,House,California,Sara Jacobs (D),"Jason Kander, Former Missouri Secretary of State[citation needed]"
2018,House,California,Sara Jacobs (D),Local-level officials
2018,House,California,Sara Jacobs (D),"Mara Elliott, San Diego City Attorney[citation needed]"
2018,House,California,Sara Jacobs (D),"Mark West, Mayor of Imperial Beach[citation needed]"
2018,House,California,Sara Jacobs (D),Organizations
2018,House,California,Sara Jacobs (D),Emily's List[citation needed]
2018,House,California,Sara Jacobs (D),National Organization for Women - California[citation needed]
2018,House,California,Sara Jacobs (D),AAPI Democratic Club[citation needed]
2018,House,California,Sara Jacobs (D),Orange County Young Democrats[99][139]
2018,House,California,Mike Levin (D) won primary,Executive Branch Officials
2018,House,California,Mike Levin (D) won primary,"Barack Obama, 44th President of the United States[20]"
2018,House,California,Mike Levin (D) won primary,U.S. Representatives
2018,House,California,Mike Levin (D) won primary,"Nanette Barragan, U.S. Representative (D-CA-44)[140]"
2018,House,California,Mike Levin (D) won primary,"Earl Blumenauer, U.S. Representative (D-OR-3)[140]"
2018,House,California,Mike Levin (D) won primary,"Tony Cardenas, U.S. Representative (D-CA-29)[citation needed]"
2018,House,California,Mike Levin (D) won primary,"Jimmy Gomez, U.S. Representative (D-CA-34)[140]"
2018,House,California,Mike Levin (D) won primary,"Alan Lowenthal, U.S. Representative (D-CA-47)[140]"
2018,House,California,Mike Levin (D) won primary,"Adam Schiff, U.S. Representative (D-CA-28)[140]"
2018,House,California,Mike Levin (D) won primary,"Brad Sherman, U.S. Representative (D-CA-30)[140]"
2018,House,California,Mike Levin (D) won primary,"Eric Swalwell, U.S. Representative (D-CA-15)[140]"
2018,House,California,Mike Levin (D) won primary,State-level officials
2018,House,California,Mike Levin (D) won primary,"Ben Allen, California State Senator (D-26)[140]"
2018,House,California,Mike Levin (D) won primary,"Tom Daly, California State Assemblymember (D-69)[140]"
2018,House,California,Mike Levin (D) won primary,"Laura Friedman, California State Assemblymember (D-43)[140]"
2018,House,California,Mike Levin (D) won primary,"Fiona Ma, California Board of Equalization member (D-2) and former Assemblywoman[140]"
2018,House,California,Mike Levin (D) won primary,"Patrick O'Donnell, California State Assemblymember (D-70)[140]"
2018,House,California,Mike Levin (D) won primary,"Henry Stern, California State Senator (D-27)[140]"
2018,House,California,Mike Levin (D) won primary,"Betty Yee, California State Controller[140]"
2018,House,California,Mike Levin (D) won primary,Local-level officials
2018,House,California,Mike Levin (D) won primary,"Dwight Worden, Mayor of Del Mar[140]"
2018,House,California,Mike Levin (D) won primary,"Toni Iseman, Mayor of Laguna Beach[140]"
2018,House,California,Mike Levin (D) won primary,"Robert Garcia, Mayor of Long Beach[140]"
2018,House,California,Mike Levin (D) won primary,"Sergio Farias, Mayor of San Juan Capistrano[140]"
2018,House,California,Mike Levin (D) won primary,"Miguel Pulido, Mayor of Santa Ana[140]"
2018,House,California,Mike Levin (D) won primary,"Debra Lewis, Dana Point City Councilmember[140]"
2018,House,California,Mike Levin (D) won primary,"Tasha Boerner Horvath, Encinitas City Councilmember[140]"
2018,House,California,Mike Levin (D) won primary,"Alejandra Sotelo-Solis, National City City Councilmember[140]"
2018,House,California,Mike Levin (D) won primary,"Barbara Bry, San Diego City Councilmember[140]"
2018,House,California,Mike Levin (D) won primary,"Chris Ward, San Diego City Councilmember[140]"
2018,House,California,Mike Levin (D) won primary,"Sheila Kuehl, Los Angeles County Supervisor[140]"
2018,House,California,Mike Levin (D) won primary,"Amy Hanacek, Capistrano Unified School Board Member[140]"
2018,House,California,Mike Levin (D) won primary,"Kathy Rallings, Carlsbad Unified School Board Vice President[140]"
2018,House,California,Mike Levin (D) won primary,"Bill Fischer, MiraCosta College Board Trustee[140]"
2018,House,California,Mike Levin (D) won primary,"Rich Lieb, Solana Beach School Board Member[140]"
2018,House,California,Mike Levin (D) won primary,"Henry Abarbanel, San Diego Regional Water Quality Control Board Member[140]"
2018,House,California,Mike Levin (D) won primary,"Wayne Rayfield, South Coast Water District Board Member[citation needed]"
2018,House,California,Mike Levin (D) won primary,Organizations
2018,House,California,Mike Levin (D) won primary,California League of Conservation Voters[140]
2018,House,California,Mike Levin (D) won primary,California Teachers Association[140]
2018,House,California,Mike Levin (D) won primary,Congressional Hispanic Caucus' BOLD PAC[140]
2018,House,California,Mike Levin (D) won primary,Congressional Progressive Caucus[140]
2018,House,California,Mike Levin (D) won primary,Council for a Livable World[140]
2018,House,California,Mike Levin (D) won primary,Democracy for America[140]
2018,House,California,Mike Levin (D) won primary,Human Rights Campaign[140]
2018,House,California,Mike Levin (D) won primary,"International Brotherhood of Electrical Workers (IBEW), Local 569[140]"
2018,House,California,Mike Levin (D) won primary,"International Longshore and Warehouse Union (ILWU), Locals 13, 63, and 94[140]"
2018,House,California,Mike Levin (D) won primary,J Street PAC[citation needed]
2018,House,California,Mike Levin (D) won primary,National Organization for Women[140]
2018,House,California,Mike Levin (D) won primary,Planned Parenthood Action Fund[140]
2018,House,California,Mike Levin (D) won primary,Progressive Change Campaign Committee[140]
2018,House,California,Mike Levin (D) won primary,Sierra Club[140]
2018,House,California,Mike Levin (D) won primary,Southwest Regional Council of Carpenters[140]
2018,House,California,Mike Levin (D) won primary,Newspapers
2018,House,California,Mike Levin (D) won primary,The San Diego Union-Tribune[141]
2018,House,California,Ammar Campa-Najjar (D),"Barack Obama, 44th President of the United States[20]"
2018,House,California,Ammar Campa-Najjar (D),Kamala Harris (US Senator)[142]
2018,House,California,Ammar Campa-Najjar (D),Elizabeth Warren (US Senator)[142]
2018,House,California,Ammar Campa-Najjar (D),Joe Kennedy III (US Congress)[143]
2018,House,California,Ammar Campa-Najjar (D),Eric Garcetti (Mayor of Los Angeles)[143]
2018,House,California,Ammar Campa-Najjar (D),Betty Yee (California State Controller)[143]
2018,House,California,Ammar Campa-Najjar (D),Lorena Gonzalez-Fletcher (California State Assembly)[143]
2018,House,California,Ammar Campa-Najjar (D),Tulsi Gabbard (Representative from Hawai'i's 2nd Congressional District) [144]
2018,House,California,Ammar Campa-Najjar (D),J Street PAC[13]
2018,House,California,Ammar Campa-Najjar (D),League of Conservation Voters[145]
2018,House,California,Ammar Campa-Najjar (D),Our Revolution[143]
2018,House,California,Ammar Campa-Najjar (D),National Nurses United[143]
2018,House,California,Ammar Campa-Najjar (D),Communications Workers of America[143]
2018,House,California,Ammar Campa-Najjar (D),Service Employees International Union[143]
2018,House,California,Ammar Campa-Najjar (D),Sierra Club[23][143
2018,House,California,Scott Peters,Organizations
2018,House,California,Scott Peters,J Street PAC[13]
2018,House,California,Susan Davis (D),Organizations
2018,House,California,Susan Davis (D),J Street PAC[13]
